﻿pos_x,pos_y,rotation,side,designator,mpn,pack,footprint,value,mount_type
154.455112,-23.75,180.0,top,C1,,,CP_Radial_D5.0mm_P2.50mm,C_Polarized,tht
47.5,-59.5,-90.0,bottom,C10,,,C_0805_2012Metric,22uF,smt
68.9625,-58.0,180.0,bottom,C10,,,C_0805_2012Metric_Pad1.18x1.45mm_HandSolder,22uF,smt
64.5,-81.0,180.0,bottom,C11,,,C_0805_2012Metric,100nF,smt
69.5,-89.0,0.0,bottom,C12,,,C_0805_2012Metric,100nF,smt
154.0,-79.25,180.0,top,C13,,,CP_Radial_D5.0mm_P2.50mm,C_Polarized,tht
152.7,-91.25,0.0,bottom,C14,,,C_0805_2012Metric,C,smt
75.5,-73.0,0.0,bottom,C15,,,C_0805_2012Metric,1uF,smt
80.0,-85.0,0.0,top,C16,,,CP_Radial_D5.0mm_P2.50mm,C_Polarized,tht
34.55,-202.99,0.0,top,C17,,,C_0805_2012Metric,10uF,smt
34.55,-206.0,0.0,top,C18,,,C_0805_2012Metric,10uF,smt
34.55,-209.01,0.0,top,C19,,,C_0805_2012Metric,10uF,smt
130.5,-15.5,90.0,bottom,C2,,,C_0805_2012Metric,C,smt
34.55,-212.02,0.0,top,C20,,,C_0805_2012Metric,10uF,smt
34.55,-215.03,0.0,top,C21,,,C_0805_2012Metric,10uF,smt
61.88,-201.4,0.0,top,C22,,,CP_Radial_D5.0mm_P2.50mm,C_Polarized,tht
61.38,-207.9,0.0,top,C23,,,CP_Radial_D5.0mm_P2.50mm,C_Polarized,tht
61.88,-215.9,0.0,top,C24,,,CP_Radial_D5.0mm_P2.50mm,C_Polarized,tht
69.55,-84.0,180.0,bottom,C25,,,C_0805_2012Metric,10uF,smt
73.794888,-85.0,0.0,top,C26,,,CP_Radial_D5.0mm_P2.50mm,C_Polarized,tht
69.55,-86.5,180.0,bottom,C27,,,C_0805_2012Metric,100nF,smt
23.5,-78.205113,90.0,top,C28,,,CP_Radial_D5.0mm_P2.50mm,C_Polarized,tht
47.5,-78.5,90.0,top,C29,,,CP_Radial_D5.0mm_P2.50mm,C_Polarized,tht
143.0,-79.25,180.0,top,C3,,,CP_Radial_D5.0mm_P2.50mm,C_Polarized,tht
31.0,-78.205113,90.0,top,C30,,,CP_Radial_D5.0mm_P2.50mm,C_Polarized,tht
16.5,-78.205112,90.0,top,C31,,,CP_Radial_D5.0mm_P2.50mm,C_Polarized,tht
39.0,-78.5,90.0,top,C32,,,CP_Radial_D5.0mm_P2.50mm,C_Polarized,tht
94.0,-89.5,0.0,top,C33,,,CP_Radial_D5.0mm_P2.50mm,C_Polarized,tht
142.5,-91.0,0.0,bottom,C4,,,C_0805_2012Metric,C,smt
11.3375,-32.6625,-90.0,bottom,C5,,,C_0805_2012Metric,1uF,smt
11.3375,-37.4125,-90.0,bottom,C6,,,C_0805_2012Metric,1uF,smt
11.3375,-41.9125,-90.0,bottom,C7,,,C_0805_2012Metric,1uF,smt
17.8375,-41.1625,180.0,bottom,C8,,,C_0805_2012Metric,1uF,smt
173.5,-64.05,90.0,bottom,C9,,,C_0805_2012Metric,4.7uF,smt
179.5,-15.5,180.0,top,D1,,,LED_1206_3216Metric,LED,smt
26.27,-209.89,0.0,top,D10,,,LED_WS2812B_PLCC4_5.0x5.0mm_P3.2mm,WS2812B,smt
26.27,-214.99,0.0,top,D11,,,LED_WS2812B_PLCC4_5.0x5.0mm_P3.2mm,WS2812B,smt
105.475,-56.915,-90.0,bottom,D12,,,TO-252-2,D_Schottky_AKA,smt
179.5,-26.0,180.0,top,D13,,,LED_1206_3216Metric,LED,smt
179.5,-20.75,180.0,top,D14,,,LED_1206_3216Metric,LED,smt
55.5,-84.0,180.0,bottom,D15,,,D_SMA,D_Schottky,smt
54.13,-213.15,-90.0,top,D16,,,LED_WS2812B_PLCC4_5.0x5.0mm_P3.2mm,WS2812B,smt
5.63,-225.65,0.0,top,D17,,,LED_WS2812B_PLCC4_5.0x5.0mm_P3.2mm,WS2812B,smt
57.13,-223.9,-90.0,top,D18,,,LED_WS2812B_PLCC4_5.0x5.0mm_P3.2mm,WS2812B,smt
44.49,-224.54,-90.0,top,D19,,,LED_WS2812B_PLCC4_5.0x5.0mm_P3.2mm,WS2812B,smt
183.35,-76.0,0.0,bottom,D2,,,D_SOD-123,1N4148W,smt
31.88,-224.65,-90.0,top,D20,,,LED_WS2812B_PLCC4_5.0x5.0mm_P3.2mm,WS2812B,smt
18.38,-225.9,0.0,top,D21,,,LED_WS2812B_PLCC4_5.0x5.0mm_P3.2mm,WS2812B,smt
111.755,-56.685,90.0,top,D22,,,D_DO-15_P3.81mm_Vertical_AnodeUp,D_Schottky,tht
7.13,-201.396667,0.0,top,D3,,,LED_WS2812B_PLCC4_5.0x5.0mm_P3.2mm,WS2812B,smt
7.13,-206.9,0.0,top,D4,,,LED_WS2812B_PLCC4_5.0x5.0mm_P3.2mm,WS2812B,smt
7.13,-212.403333,0.0,top,D5,,,LED_WS2812B_PLCC4_5.0x5.0mm_P3.2mm,WS2812B,smt
7.13,-217.906667,0.0,top,D6,,,LED_WS2812B_PLCC4_5.0x5.0mm_P3.2mm,WS2812B,smt
45.38,-213.4,-90.0,top,D7,,,LED_WS2812B_PLCC4_5.0x5.0mm_P3.2mm,WS2812B,smt
26.27,-199.69,0.0,top,D8,,,LED_WS2812B_PLCC4_5.0x5.0mm_P3.2mm,WS2812B,smt
26.27,-204.79,0.0,top,D9,,,LED_WS2812B_PLCC4_5.0x5.0mm_P3.2mm,WS2812B,smt
93.0,-26.1,90.0,top,F1,,,ATO_fuse_holder,20A,tht
102.5,-26.1,90.0,top,F2,,,ATO_fuse_holder,20A,tht
64.5,-26.1,90.0,top,F3,,,ATO_fuse_holder,20A,tht
83.5,-26.1,90.0,top,F4,,,ATO_fuse_holder,20A,tht
74.0,-26.1,90.0,top,F5,,,ATO_fuse_holder,20A,tht
112.0,-26.1,90.0,top,F6,,,ATO_fuse_holder,5A,tht
165.0,-55.5,0.0,top,FB1,,,L_Walsin_WLFM201609x,FerriteBead 47 Ohm,smt
185.0,-50.0,0.0,top,GND_Conn1,,,small_busbar-15mm,~,smt
139.955,-95.985,0.0,top,J1,,,TerminalBlock_Xinya_XY308-2.54-3P_1x03_P2.54mm_Horizontal,leds_ch1,tht
123.475,-95.985,0.0,top,J10,,,TerminalBlock_Xinya_XY308-2.54-5P_1x05_P2.54mm_Horizontal,water_sensor_conn,tht
133.0,-209.5,0.0,top,J11,,,water_sensor_rods,~,tht
112.522724,-5.0,0.0,top,J12,,,keystone_m3_screw_terminal_vertical,Conn_01x01,tht
123.475,-86.835,0.0,top,J13,,,TerminalBlock_Xinya_XY308-2.54-2P_1x02_P2.54mm_Horizontal,Conn_01x02,tht
126.318178,-5.0,0.0,top,J14,,,keystone_m3_screw_terminal_vertical,Conn_GND,tht
29.75,-5.0,0.0,top,J15,,,keystone_m3_screw_terminal_vertical,Battery_Conn,tht
51.5,-96.0,180.0,bottom,J16,,,USB_C_Receptacle_JAE_DX07S016JA1R1500,USB_C_Receptacle_USB2.0_16P,smt
100.92,-86.85,0.0,top,J17,,,TerminalBlock_Xinya_XY308-2.54-3P_1x03_P2.54mm_Horizontal,Conn_01x03,tht
100.92,-96.0,0.0,top,J18,,,TerminalBlock_Xinya_XY308-2.54-3P_1x03_P2.54mm_Horizontal,Conn_01x03,tht
63.375,-96.0,0.0,top,J2,,,TerminalBlock_Xinya_XY308-2.54-2P_1x02_P2.54mm_Horizontal,CAN,tht
139.955,-86.835,0.0,top,J20,,,TerminalBlock_Xinya_XY308-2.54-3P_1x03_P2.54mm_Horizontal,leds_ch2,tht
173.095,-96.0,0.0,top,J21,,,TerminalBlock_Xinya_XY308-2.54-2P_1x02_P2.54mm_Horizontal,Conn_01x02,tht
180.61,-96.0,0.0,top,J22,,,TerminalBlock_Xinya_XY308-2.54-2P_1x02_P2.54mm_Horizontal,Conn_01x02,tht
57.340908,-5.0,0.0,top,J23,,,keystone_m3_screw_terminal_vertical,Conn_01x01,tht
71.136362,-5.0,0.0,top,J24,,,keystone_m3_screw_terminal_vertical,Conn_01x01,tht
181.5,-5.0,0.0,top,J25,,,keystone_m3_screw_terminal_vertical,Conn_GND,tht
150.46,-86.835,0.0,top,J26,,,TerminalBlock_Xinya_XY308-2.54-3P_1x03_P2.54mm_Horizontal,leds_ch3,tht
150.46,-95.985,0.0,top,J27,,,TerminalBlock_Xinya_XY308-2.54-3P_1x03_P2.54mm_Horizontal,leds_ch4,tht
40.1,-200.4,0.0,top,J28,,,TerminalBlock_Xinya_XY308-2.54-8P_1x08_P2.54mm_Horizontal,Conn_01x08,tht
167.70454,-5.0,0.0,top,J29,,,keystone_m3_screw_terminal_vertical,Conn_GND,tht
71.26,-96.0,0.0,top,J3,,,TerminalBlock_Xinya_XY308-2.54-8P_1x08_P2.54mm_Horizontal,Conn_01x08,tht
153.909086,-5.0,0.0,top,J30,,,keystone_m3_screw_terminal_vertical,Conn_GND,tht
140.113632,-5.0,0.0,top,J31,,,keystone_m3_screw_terminal_vertical,Conn_GND,tht
84.431816,-6.0,180.0,top,J4,,,keystone_m3_screw_terminal_vertical,Conn_01x01,tht
25.34,-94.5,0.0,top,J5,,,5p_terminal_DB12,DB12,tht
43.545454,-5.0,0.0,top,J6,,,keystone_m3_screw_terminal_vertical,Inverter_Conn,tht
131.3,-226.15,90.0,top,J7,,,Samtec_HPM-02-01-x-S_Straight_1x02_Pitch5.08mm,grey_water_conn,tht
98.72727,-5.0,0.0,top,J8,,,keystone_m3_screw_terminal_vertical,Conn_01x01,tht
126.8,-198.5,0.0,top,J9,,,TerminalBlock_Xinya_XY308-2.54-5P_1x05_P2.54mm_Horizontal,water_sensor_conn,tht
98.5,-58.0,-90.0,bottom,Q1,,,SOT-323_SC-70,Q_NMOS_DGS,smt
93.65,-58.0,-90.0,bottom,Q2,,,SOT-323_SC-70,Q_PMOS_DGS,smt
147.5,-14.0,90.0,bottom,Q3,,,SOT-323_SC-70,Q_PMOS_DGS,smt
138.0725,-19.84,-90.0,bottom,Q4,,,TO-252-2,Q_NMOS_GDS,smt
144.5,-14.0,90.0,bottom,R1,,,R_0805_2012Metric,10k,smt
8.3375,-36.4125,0.0,bottom,R10,,,R_0805_2012Metric,10 ohm,smt
8.3375,-38.4125,0.0,bottom,R11,,,R_0805_2012Metric,10 ohm,smt
8.3375,-31.6625,0.0,bottom,R12,,,R_0805_2012Metric,10 ohm,smt
8.3375,-33.6625,0.0,bottom,R13,,,R_0805_2012Metric,10 ohm,smt
86.9125,-58.0,180.0,bottom,R14,,,R_0805_2012Metric,4.7k,smt
86.8625,-61.0,180.0,bottom,R15,,,R_0805_2012Metric,4.7k,smt
130.5875,-77.5,0.0,bottom,R16,,,R_0805_2012Metric,100k,smt
59.5,-87.0,180.0,bottom,R17,,,R_0805_2012Metric,120,smt
170.0,-20.5,180.0,bottom,R18,,,R_0805_2012Metric,4k7,smt
41.5,-93.0,180.0,bottom,R19,,,R_0805_2012Metric,4k7,smt
153.0,-18.5,90.0,bottom,R2,,,R_0805_2012Metric,100R,smt
41.5,-90.5,180.0,bottom,R20,,,R_0805_2012Metric,4k7,smt
94.9125,-84.0,0.0,bottom,R21,,,R_0805_2012Metric,4.7k,smt
181.5,-63.5,-90.0,bottom,R22,,,R_0805_2012Metric,50 Ohm,smt
166.85,-87.81,90.0,top,R23,,,R_Axial_DIN0207_L6.3mm_D2.5mm_P7.62mm_Horizontal,100k,tht
173.35,-87.81,90.0,top,R24,,,R_Axial_DIN0207_L6.3mm_D2.5mm_P7.62mm_Horizontal,100k,tht
171.0,-64.05,-90.0,bottom,R25,,,R_0805_2012Metric,4.7kΩ,smt
130.5875,-80.0,180.0,bottom,R26,,,R_0805_2012Metric,100k,smt
75.5,-70.5,180.0,bottom,R27,,,R_0805_2012Metric,10k,smt
130.5875,-75.0,180.0,bottom,R28,,,R_0805_2012Metric,1M,smt
130.5875,-82.5,180.0,bottom,R29,,,R_0805_2012Metric,1M,smt
174.0,-20.5,180.0,bottom,R3,,,R_0805_2012Metric,4k7,smt
117.6375,-79.485,0.0,bottom,R30,,,R_0805_2012Metric,1M,smt
117.6375,-76.485,0.0,bottom,R31,,,R_0805_2012Metric,1M,smt
75.5875,-75.5,180.0,bottom,R32,,,R_0805_2012Metric,10k,smt
166.0875,-15.5,180.0,bottom,R33,,,R_0805_2012Metric,4k7,smt
170.0875,-15.5,0.0,bottom,R34,,,R_0805_2012Metric,4k7,smt
174.0875,-15.5,180.0,bottom,R35,,,R_0805_2012Metric,4k7,smt
106.25,-64.0,90.0,bottom,R36,,,R_0805_2012Metric,100R,smt
98.7375,-62.0,180.0,bottom,R37,,,R_0805_2012Metric,10k,smt
94.5625,-61.5,0.0,bottom,R38,,,R_0805_2012Metric,10k,smt
150.5,-14.0,90.0,bottom,R39,,,R_0805_2012Metric,10k,smt
174.4125,-26.0,180.0,bottom,R4,,,R_0805_2012Metric,4k7,smt
36.5,-37.0,-90.0,top,R5,,,MSRSF_shunt_resistor,0.001 Ohm 10W,smt
72.0,-45.0,180.0,top,R6,,,MSRSF_shunt_resistor,0.003 Ohm 10W,smt
8.3375,-40.9125,0.0,bottom,R7,,,R_0805_2012Metric,10 ohm,smt
50.0,-37.0,-90.0,top,R8,,,MSRSF_shunt_resistor,0.001 Ohm 10W,smt
8.3375,-42.969244,0.0,bottom,R9,,,R_0805_2012Metric,10 ohm,smt
183.85,-79.0,-90.0,top,RL1,,,PRE29-same-sky,AZSR131-1AE-12D,tht
14.0,-77.0,-90.0,bottom,R_DEN1,,,R_0805_2012Metric,4.7k,smt
20.5,-76.5875,-90.0,bottom,R_DEN2,,,R_0805_2012Metric,4.7k,smt
26.0,-71.5,-90.0,bottom,R_DEN3,,,R_0805_2012Metric,4.7k,smt
35.5,-71.4125,-90.0,bottom,R_DEN4,,,R_0805_2012Metric,4.7k,smt
44.5,-70.9125,-90.0,bottom,R_DEN5,,,R_0805_2012Metric,4.7k,smt
11.75,-77.0,-90.0,bottom,R_IN1,,,R_0805_2012Metric,4.7k,smt
18.5,-76.5875,-90.0,bottom,R_IN2,,,R_0805_2012Metric,4.7k,smt
28.0,-71.5,-90.0,bottom,R_IN3,,,R_0805_2012Metric,4.7k,smt
33.575,-71.4125,-90.0,bottom,R_IN4,,,R_0805_2012Metric,4.7k,smt
41.5,-70.9125,-90.0,bottom,R_IN5,,,R_0805_2012Metric,4.7k,smt
5.88,-235.4,90.0,top,SW1,,,button_12mm,SW_Push,tht
18.88,-235.4,90.0,top,SW2,,,button_12mm,SW_Push,tht
31.88,-235.4,90.0,top,SW3,,,button_12mm,SW_Push,tht
44.88,-235.4,90.0,top,SW4,,,button_12mm,SW_Push,tht
57.88,-235.4,90.0,top,SW5,,,button_12mm,SW_Push,tht
59.0,-96.5,0.0,top,SW6,,,PinHeader_1x02_P1.00mm_Vertical,SW_DIP_x01,tht
111.985,-84.735,0.0,top,SW7,,,SW_PUSH_6mm_H4.3mm,RST_BTN,tht
111.985,-93.485,0.0,top,SW8,,,SW_PUSH_6mm_H4.3mm,FLASH_BTN,tht
78.0,-64.5,0.0,bottom,U1,,,SOT-223-3_TabPin2,TLV1117-33,smt
12.425,-84.0,-90.0,top,U10,,,Infineon_PG-TSDSO-14-22,BTS7006,smt
18.475,-36.6375,90.0,bottom,U11,,,Texas_RGV0016A_VQFN-16-1EP_4x4mm_P0.65mm_EP2.1x2.1mm,INA3221,smt
133.845,-235.4,0.0,top,U12,,,2_water_sensor_rods,~,tht
185.5,-63.5,0.0,bottom,U13,,,SOT-23-6,CNY17-1,smt
124.1625,-75.445,180.0,bottom,U14,,,SOIC-14_3.9x8.7mm_P1.27mm,LM339_4ch,smt
114.1375,-69.985,180.0,bottom,U15,,,TSSOP-24_4.4x7.8mm_P0.65mm,TCA9555PWR,smt
153.0,-40.75,-90.0,top,U16,,,generic_dcdc,~,tht
168.325,-76.3,90.0,top,U17,,,DIP-6_W7.62mm,H11AA1,tht
95.0,-69.0,180.0,top,U18,,,mini360,~,tht
58.85,-67.65,180.0,bottom,U19,,,ESP32-S3-MINI-1U,ESP32-S3-MINI-1,smt
64.5,-86.5,-90.0,bottom,U3,,,SOIC-8_3.9x4.9mm_P1.27mm,TJA1051T-3,smt
134.5,-40.75,-90.0,top,U4,,,generic_dcdc,~,tht
124.25,-60.75,180.0,bottom,U5,,,SOIC-14_3.9x8.7mm_P1.27mm,LM339_4ch,smt
42.425,-84.0,-90.0,top,U6,,,Infineon_PG-TSDSO-14-22,BTS7006,smt
34.925,-84.0,-90.0,top,U7,,,Infineon_PG-TSDSO-14-22,BTS7006,smt
27.35,-84.0,-90.0,top,U8,,,Infineon_PG-TSDSO-14-22,BTS7006,smt
19.925,-84.0,-90.0,top,U9,,,Infineon_PG-TSDSO-14-22,BTS7006,smt
