﻿Designator,Quantity,Value,Footprint,Package,MPN,DNP,Mount_Type,Description,Sim.Device,Sim.Pins,LCSC_part,lcsc_part,LCSCc,JLC,Mouser_Nr,Mouser,TME,LCSC
"C1, C13, C16, C22, C23, C24, C26, C28, C29, C3, C30, C31, C32, C33",14,C_Polarized,CP_Radial_D5.0mm_P2.50mm,,,,tht,Polarized capacitor,,,,,,,,,,
C10,1,22uF,C_0805_2012Metric,,,,smt,Unpolarized capacitor,,,,,,,,,,
C10,1,22uF,C_0805_2012Metric_Pad1.18x1.45mm_HandSolder,,,,smt,Unpolarized capacitor,,,,,,,,,,
"C11, C12, C27",3,100nF,C_0805_2012Metric,,,,smt,Unpolarized capacitor,,,,,,,,,,
"C14, C2, C4",3,C,C_0805_2012Metric,,,,smt,Unpolarized capacitor,,,,,,,,,,
"C15, C5, C6, C7, C8",5,1uF,C_0805_2012Metric,,,,smt,"[C15]Unpolarized capacitor; [C5,C6,C7,C8]Unpolarized capacitor, small symbol",,,,,,,,,,
"C17, C18, C19, C20, C21, C25",6,10uF,C_0805_2012Metric,,,,smt,Unpolarized capacitor,,,,,,,,,,
C9,1,4.7uF,C_0805_2012Metric,,,,smt,"Unpolarized capacitor, small symbol",,,,,,,,,,
"D1, D13, D14",3,LED,LED_1206_3216Metric,,,,smt,Light emitting diode,,,,,,,,,,
"D10, D11, D16, D17, D18, D19, D20, D21, D3, D4, D5, D6, D7, D8, D9",15,WS2812B,LED_WS2812B_PLCC4_5.0x5.0mm_P3.2mm,,,,smt,RGB LED with integrated controller,,,,,,,,,,
D12,1,D_Schottky_AKA,TO-252-2,,,,smt,"Schottky diode, anode on pins 1 and 3",,,,,,,,,,
D15,1,D_Schottky,D_SMA,,,,smt,Schottky diode,,,,,,,,,,
D2,1,1N4148W,D_SOD-123,,,,smt,"75V 0.15A Fast Switching Diode, SOD-123",D,1=K 2=A,,,,,,,,
D22,1,D_Schottky,D_DO-15_P3.81mm_Vertical_AnodeUp,,,Yes,tht,Schottky diode,,,,,,,,,,
"F1, F2, F3, F4, F5",5,20A,ATO_fuse_holder,,,,tht,Fuse,,,C2935871,C2935871,,,,,,
F6,1,5A,ATO_fuse_holder,,,,tht,Fuse,,,C2935871,,,,,,,
FB1,1,FerriteBead 47 Ohm,L_Walsin_WLFM201609x,,,,smt,Ferrite bead,,,,,,,,,,
GND_Conn1,1,~,small_busbar-15mm,,,,smt,,,,,,,,,,,
J1,1,leds_ch1,TerminalBlock_Xinya_XY308-2.54-3P_1x03_P2.54mm_Horizontal,,,,tht,"Generic connector, single row, 01x03, script generated (kicad-library-utils/schlib/autogen/connector/)",,,,,,,,,,
"J10, J9",2,water_sensor_conn,TerminalBlock_Xinya_XY308-2.54-5P_1x05_P2.54mm_Horizontal,,,,tht,"Generic connector, single row, 01x05, script generated (kicad-library-utils/schlib/autogen/connector/)",,,,,,,,,,
J11,1,~,water_sensor_rods,,,,tht,,,,,,,,,,,
"J12, J23, J24, J4, J8",5,Conn_01x01,keystone_m3_screw_terminal_vertical,,,,tht,"Generic connector, single row, 01x01, script generated (kicad-library-utils/schlib/autogen/connector/)",,,,,,,,,,
"J13, J21, J22",3,Conn_01x02,TerminalBlock_Xinya_XY308-2.54-2P_1x02_P2.54mm_Horizontal,,,,tht,"Generic connector, single row, 01x02, script generated (kicad-library-utils/schlib/autogen/connector/)",,,,,,,,,,
"J14, J25, J29, J30, J31",5,Conn_GND,keystone_m3_screw_terminal_vertical,,,,tht,"Generic connector, single row, 01x01, script generated (kicad-library-utils/schlib/autogen/connector/)",,,,,,,,,,
J15,1,Battery_Conn,keystone_m3_screw_terminal_vertical,,,,tht,"Generic connector, single row, 01x01, script generated (kicad-library-utils/schlib/autogen/connector/)",,,,,,,,,,
J16,1,USB_C_Receptacle_USB2.0_16P,USB_C_Receptacle_JAE_DX07S016JA1R1500,,,,smt,USB 2.0-only 16P Type-C Receptacle connector,,,,,,,,,,
"J17, J18",2,Conn_01x03,TerminalBlock_Xinya_XY308-2.54-3P_1x03_P2.54mm_Horizontal,,,,tht,"Generic connector, single row, 01x03, script generated (kicad-library-utils/schlib/autogen/connector/)",,,,,,,,,,
J2,1,CAN,TerminalBlock_Xinya_XY308-2.54-2P_1x02_P2.54mm_Horizontal,,,,tht,"Generic connector, single row, 01x02, script generated (kicad-library-utils/schlib/autogen/connector/)",,,,,,,,,,
J20,1,leds_ch2,TerminalBlock_Xinya_XY308-2.54-3P_1x03_P2.54mm_Horizontal,,,,tht,"Generic connector, single row, 01x03, script generated (kicad-library-utils/schlib/autogen/connector/)",,,,,,,,,,
J26,1,leds_ch3,TerminalBlock_Xinya_XY308-2.54-3P_1x03_P2.54mm_Horizontal,,,,tht,"Generic connector, single row, 01x03, script generated (kicad-library-utils/schlib/autogen/connector/)",,,,,,,,,,
J27,1,leds_ch4,TerminalBlock_Xinya_XY308-2.54-3P_1x03_P2.54mm_Horizontal,,,,tht,"Generic connector, single row, 01x03, script generated (kicad-library-utils/schlib/autogen/connector/)",,,,,,,,,,
"J28, J3",2,Conn_01x08,TerminalBlock_Xinya_XY308-2.54-8P_1x08_P2.54mm_Horizontal,,,,tht,"Generic connector, single row, 01x08, script generated (kicad-library-utils/schlib/autogen/connector/)",,,,,,,,,,
J5,1,DB12,5p_terminal_DB12,,,,tht,C2927513,,,,,C2927513,,,,,
J6,1,Inverter_Conn,keystone_m3_screw_terminal_vertical,,,,tht,"Generic connector, single row, 01x01, script generated (kicad-library-utils/schlib/autogen/connector/)",,,,,,,,,,
J7,1,grey_water_conn,Samtec_HPM-02-01-x-S_Straight_1x02_Pitch5.08mm,,,,tht,"Generic connector, single row, 01x02, script generated (kicad-library-utils/schlib/autogen/connector/)",,,,,,,,,,
Q1,1,Q_NMOS_DGS,SOT-323_SC-70,,,,smt,"N-MOSFET transistor, drain/gate/source",,,,,,,,,,
"Q2, Q3",2,Q_PMOS_DGS,SOT-323_SC-70,,,,smt,"P-MOSFET transistor, drain/gate/source",,,,,,,,,,
Q4,1,Q_NMOS_GDS,TO-252-2,,,,smt,"N-MOSFET transistor, gate/drain/source",,,,,,C19100585,,,,
"R1, R27, R32, R37, R38, R39",6,10k,R_0805_2012Metric,,,,smt,Resistor,,,,,,,,,,
"R10, R11, R12, R13, R7, R9",6,10 ohm,R_0805_2012Metric,,,,smt,"Resistor, small symbol",,,,,,,,,,
"R14, R15, R21, R_DEN1, R_DEN2, R_DEN3, R_DEN4, R_DEN5, R_IN1, R_IN2, R_IN3, R_IN4, R_IN5",13,4.7k,R_0805_2012Metric,,,,smt,Resistor,,,,,,,,,,
"R16, R26",2,100k,R_0805_2012Metric,,,,smt,Resistor,,,,,,,,,,
R17,1,120,R_0805_2012Metric,,,,smt,Resistor,,,,,,,,,,
"R18, R19, R20, R3, R33, R34, R35, R4",8,4k7,R_0805_2012Metric,,,,smt,Resistor,,,,,,,,,,
"R2, R36",2,100R,R_0805_2012Metric,,,,smt,Resistor,,,,,,,,,,
R22,1,50 Ohm,R_0805_2012Metric,,,,smt,Resistor,,,,,,,,,,
"R23, R24",2,100k,R_Axial_DIN0207_L6.3mm_D2.5mm_P7.62mm_Horizontal,,,,tht,Resistor,,,,,,,,,,
R25,1,4.7kΩ,R_0805_2012Metric,,,,smt,Resistor,,,,,,,,,,
"R28, R29, R30, R31",4,1M,R_0805_2012Metric,,,,smt,Resistor,,,,,,,,,,
"R5, R8",2,0.001 Ohm 10W,MSRSF_shunt_resistor,,,,smt,Shunt resistor,,,,,,,754-MSRSF5930P1L0F2P,,,
R6,1,0.003 Ohm 10W,MSRSF_shunt_resistor,,,,smt,Shunt resistor,,,,,,,754-MSRSF5930P1L0F2P,,,
RL1,1,AZSR131-1AE-12D,PRE29-same-sky,,,,tht,"SPST, Closing Contact, 277VAC 35A max, 12V DC coil voltage",,,,,,,,,,
"SW1, SW2, SW3, SW4, SW5",5,SW_Push,button_12mm,,,,tht,"Push button switch, generic, two pins",,,,,,,,,,
SW6,1,SW_DIP_x01,PinHeader_1x02_P1.00mm_Vertical,,,,tht,"1x DIP Switch, Single Pole Single Throw (SPST) switch, small symbol",,,,,,,,,,
SW7,1,RST_BTN,SW_PUSH_6mm_H4.3mm,,,,tht,"Push button switch, generic, two pins",,,,,,,,,,
SW8,1,FLASH_BTN,SW_PUSH_6mm_H4.3mm,,,,tht,"Push button switch, generic, two pins",,,,,,,,,,
U1,1,TLV1117-33,SOT-223-3_TabPin2,,,,smt,"800mA Low-Dropout Linear Regulator, 3.3V fixed output, TO-220/TO-252/TO-263/SOT-223",,,,,,C37359,,,,
"U10, U6, U7, U8, U9",5,BTS7006,Infineon_PG-TSDSO-14-22,,,,smt,"Smart High-Side Power Switch, PROFET, One Channel, 12V, 15A, Rds(on) 4.4mΩ, PG-TSDSO-14-22",,,,,,,,726-BTS70061EPPXUMA1,,
U11,1,INA3221,Texas_RGV0016A_VQFN-16-1EP_4x4mm_P0.65mm_EP2.1x2.1mm,,,,smt,"Triple-Channel High-Side Shunt and Bus Voltage Monitor with I2C and SMBUS Compatible Interface, QFN-16",,,,,,,,,,
U12,1,~,2_water_sensor_rods,,,,tht,,,,,,,,,,,
U13,1,CNY17-1,SOT-23-6,,,,smt,"DC Optocoupler Base Connected, Vce 70V, CTR 40-80%, Viso 5000V (RMS), DIP6",,,,,,,,,,
"U14, U5",2,LM339_4ch,SOIC-14_3.9x8.7mm_P1.27mm,,,,smt,,,,,,,C7948,,,,
U15,1,TCA9555PWR,TSSOP-24_4.4x7.8mm_P0.65mm,,,,smt,"16-bit I/O expander, I2C and SMBus interface, interrupts, w/ pull-ups, TSSOP-24 package",,,,,,,,,TCA9554APWR,C465732
"U16, U4",2,~,generic_dcdc,,,,tht,,,,,,,,,,,
U17,1,H11AA1,DIP-6_W7.62mm,,,,tht,"AC/DC NPN Optocoupler, DIP-6",,,,,,,,,,
U18,1,~,mini360,,,,tht,,,,,,,,,,,
U19,1,ESP32-S3-MINI-1,ESP32-S3-MINI-1U,,,,smt,"Smallsized module supporting 2.4 GHz WiFi (802.11 b/g/n) and Bluetooth ® 5 (LE) Built around ESP32S3 series of SoCs, Xtensa ® dualcore 32bit LX7 microprocessor Flash up to 8 MB, optional 2 MB PSRAM in chip package 39 GPIOs, rich set of peripherals Onboard PCB antenna or external antenna connector",,,,,,,,,,
U3,1,TJA1051T-3,SOIC-8_3.9x4.9mm_P1.27mm,,,,smt,"High-Speed CAN Transceiver, separate VIO, silent mode, SOIC-8",,,,,,,,,,
